sdk:cli:o11ySync|107.09
sdk:driver:quit|61.29
sdk:automate:hub-management|2638.16
sdk:driver:pre-initialization|1.83
sdk:driver:get|6.9
sdk:automate:session-status|274.87
sdk:setup|5043.1
sdk:cli:on-bootstrap|19.85
sdk:o11y:sync|117.93
sdk:automate:session-name|239.3
sdk:driver:post-initialization|26.68
sdk:automate:session-annotation|111.82
sdk:cli:o11ySync|107.09
sdk:driver:quit|61.29
sdk:automate:hub-management|2638.16
sdk:driver:pre-initialization|1.83
sdk:driver:get|6.9
sdk:automate:session-status|274.87
sdk:setup|5043.1
sdk:cli:on-bootstrap|19.85
sdk:o11y:sync|117.93
sdk:automate:session-name|239.3
sdk:driver:post-initialization|26.68
sdk:automate:session-annotation|111.82
sdk:cli:o11ySync|104.26
sdk:driver:quit|57.58
sdk:automate:hub-management|2623.0
sdk:driver:pre-initialization|2.38
sdk:driver:get|7.05
sdk:automate:session-status|264.57
sdk:setup|5103.24
sdk:cli:on-bootstrap|19.85
sdk:o11y:sync|111.27
sdk:automate:session-name|264.4
sdk:driver:post-initialization|70.38
sdk:automate:session-annotation|107.18
sdk:cli:o11ySync|104.26
sdk:driver:quit|57.58
sdk:automate:hub-management|2623.0
sdk:driver:pre-initialization|2.38
sdk:driver:get|7.05
sdk:automate:session-status|264.57
sdk:setup|5103.24
sdk:cli:on-bootstrap|19.85
sdk:o11y:sync|111.27
sdk:automate:session-name|264.4
sdk:driver:post-initialization|70.38
sdk:automate:session-annotation|107.18
sdk:cli:o11ySync|91.14
sdk:driver:quit|51.53
sdk:automate:hub-management|2592.38
sdk:driver:pre-initialization|3.28
sdk:driver:get|6.0
sdk:automate:session-status|339.54
sdk:setup|4899.48
sdk:cli:on-bootstrap|12.75
sdk:o11y:sync|98.8
sdk:automate:session-name|242.99
sdk:driver:post-initialization|42.71
sdk:automate:session-annotation|94.35
sdk:cli:o11ySync|91.14
sdk:driver:quit|51.53
sdk:automate:hub-management|2592.38
sdk:driver:pre-initialization|3.28
sdk:driver:get|6.0
sdk:automate:session-status|339.54
sdk:setup|4899.48
sdk:cli:on-bootstrap|12.75
sdk:o11y:sync|98.8
sdk:automate:session-name|242.99
sdk:driver:post-initialization|42.71
sdk:automate:session-annotation|94.35
sdk:cli:o11ySync|283.47
sdk:driver:quit|147.27
sdk:automate:hub-management|2624.27
sdk:driver:pre-initialization|2.17
sdk:driver:get|4.26
sdk:automate:session-status|682.46
sdk:setup|4531.51
sdk:cli:on-bootstrap|14.85
sdk:o11y:sync|290.86
sdk:automate:session-name|196.03
sdk:driver:post-initialization|37.84
sdk:automate:session-annotation|286.35
sdk:cli:o11ySync|283.47
sdk:driver:quit|147.27
sdk:automate:hub-management|2624.27
sdk:driver:pre-initialization|2.17
sdk:driver:get|4.26
sdk:automate:session-status|682.46
sdk:setup|4531.51
sdk:cli:on-bootstrap|14.85
sdk:o11y:sync|290.86
sdk:automate:session-name|196.03
sdk:driver:post-initialization|37.84
sdk:automate:session-annotation|286.35
sdk:cli:o11ySync|193.98
sdk:driver:quit|102.1
sdk:automate:hub-management|2609.42
sdk:driver:pre-initialization|1.22
sdk:driver:get|2.33
sdk:automate:session-status|290.58
sdk:setup|4491.41
sdk:cli:on-bootstrap|18.3
sdk:o11y:sync|201.05
sdk:automate:session-name|199.2
sdk:driver:post-initialization|71.27
sdk:automate:session-annotation|197.19
sdk:cli:o11ySync|193.98
sdk:driver:quit|102.1
sdk:automate:hub-management|2609.42
sdk:driver:pre-initialization|1.22
sdk:driver:get|2.33
sdk:automate:session-status|290.58
sdk:setup|4491.41
sdk:cli:on-bootstrap|18.3
sdk:o11y:sync|201.05
sdk:automate:session-name|199.2
sdk:driver:post-initialization|71.27
sdk:automate:session-annotation|197.19
sdk:cli:o11ySync|97.52
sdk:driver:quit|54.72
sdk:automate:hub-management|2621.19
sdk:driver:pre-initialization|1.42
sdk:driver:get|3.53
sdk:automate:session-status|267.38
sdk:setup|4726.4
sdk:cli:on-bootstrap|17.8
sdk:o11y:sync|104.16
sdk:automate:session-name|204.16
sdk:driver:post-initialization|76.97
sdk:automate:session-annotation|100.11
sdk:cli:o11ySync|97.52
sdk:driver:quit|54.72
sdk:automate:hub-management|2621.19
sdk:driver:pre-initialization|1.42
sdk:driver:get|3.53
sdk:automate:session-status|267.38
sdk:setup|4726.4
sdk:cli:on-bootstrap|17.8
sdk:o11y:sync|104.16
sdk:automate:session-name|204.16
sdk:driver:post-initialization|76.97
sdk:automate:session-annotation|100.11
sdk:cli:o11ySync|547.03
sdk:driver:quit|277.12
sdk:automate:hub-management|2611.17
sdk:driver:pre-initialization|2.12
sdk:driver:get|3.37
sdk:automate:session-status|256.82
sdk:setup|4697.79
sdk:cli:on-bootstrap|13.69
sdk:o11y:sync|551.7
sdk:automate:session-name|209.99
sdk:driver:post-initialization|57.81
sdk:automate:session-annotation|549.08
sdk:cli:o11ySync|547.03
sdk:driver:quit|277.12
sdk:automate:hub-management|2611.17
sdk:driver:pre-initialization|2.12
sdk:driver:get|3.37
sdk:automate:session-status|256.82
sdk:setup|4697.79
sdk:cli:on-bootstrap|13.69
sdk:o11y:sync|551.7
sdk:automate:session-name|209.99
sdk:driver:post-initialization|57.81
sdk:automate:session-annotation|549.08
sdk:cli:o11ySync|92.69
sdk:driver:quit|51.82
sdk:automate:hub-management|2622.99
sdk:driver:pre-initialization|1.27
sdk:driver:get|3.29
sdk:automate:session-status|229.81
sdk:setup|4457.33
sdk:cli:on-bootstrap|19.27
sdk:o11y:sync|100.12
sdk:automate:session-name|216.4
sdk:driver:post-initialization|72.98
sdk:automate:session-annotation|96.12
sdk:cli:o11ySync|92.69
sdk:driver:quit|51.82
sdk:automate:hub-management|2622.99
sdk:driver:pre-initialization|1.27
sdk:driver:get|3.29
sdk:automate:session-status|229.81
sdk:setup|4457.33
sdk:cli:on-bootstrap|19.27
sdk:o11y:sync|100.12
sdk:automate:session-name|216.4
sdk:driver:post-initialization|72.98
sdk:automate:session-annotation|96.12
sdk:cli:o11ySync|99.93
sdk:driver:quit|55.23
sdk:automate:hub-management|2618.01
sdk:driver:pre-initialization|1.42
sdk:driver:get|2.32
sdk:automate:session-status|242.52
sdk:setup|4773.39
sdk:cli:on-bootstrap|12.99
sdk:o11y:sync|107.02
sdk:automate:session-name|197.46
sdk:driver:post-initialization|70.35
sdk:automate:session-annotation|102.9
sdk:cli:o11ySync|99.93
sdk:driver:quit|55.23
sdk:automate:hub-management|2618.01
sdk:driver:pre-initialization|1.42
sdk:driver:get|2.32
sdk:automate:session-status|242.52
sdk:setup|4773.39
sdk:cli:on-bootstrap|12.99
sdk:o11y:sync|107.02
sdk:automate:session-name|197.46
sdk:driver:post-initialization|70.35
sdk:automate:session-annotation|102.9
sdk:cli:o11ySync|96.46
sdk:driver:quit|51.77
sdk:automate:hub-management|2621.98
sdk:driver:pre-initialization|1.42
sdk:driver:get|2.5
sdk:automate:session-status|262.44
sdk:setup|4470.35
sdk:cli:on-bootstrap|13.14
sdk:o11y:sync|100.17
sdk:automate:session-name|533.65
sdk:driver:post-initialization|19.27
sdk:automate:session-annotation|97.99
sdk:cli:o11ySync|96.46
sdk:driver:quit|51.77
sdk:automate:hub-management|2621.98
sdk:driver:pre-initialization|1.42
sdk:driver:get|2.5
sdk:automate:session-status|262.44
sdk:setup|4470.35
sdk:cli:on-bootstrap|13.14
sdk:o11y:sync|100.17
sdk:automate:session-name|533.65
sdk:driver:post-initialization|19.27
sdk:automate:session-annotation|97.99
sdk:cli:o11ySync|290.47
sdk:driver:quit|150.64
sdk:automate:hub-management|2652.45
sdk:driver:pre-initialization|1.24
sdk:driver:get|2.17
sdk:automate:session-status|237.33
sdk:setup|4701.46
sdk:cli:on-bootstrap|14.23
sdk:o11y:sync|297.45
sdk:automate:session-name|297.33
sdk:driver:post-initialization|20.22
sdk:automate:session-annotation|293.45
sdk:cli:o11ySync|290.47
sdk:driver:quit|150.64
sdk:automate:hub-management|2652.45
sdk:driver:pre-initialization|1.24
sdk:driver:get|2.17
sdk:automate:session-status|237.33
sdk:setup|4701.46
sdk:cli:on-bootstrap|14.23
sdk:o11y:sync|297.45
sdk:automate:session-name|297.33
sdk:driver:post-initialization|20.22
sdk:automate:session-annotation|293.45
sdk:cli:o11ySync|99.73
sdk:driver:quit|55.14
sdk:automate:hub-management|2706.92
sdk:driver:pre-initialization|1.58
sdk:driver:get|3.8
sdk:automate:session-status|287.06
sdk:setup|4544.03
sdk:cli:on-bootstrap|13.33
sdk:o11y:sync|105.84
sdk:automate:session-name|246.39
sdk:driver:post-initialization|14.58
sdk:automate:session-annotation|102.82
sdk:cli:o11ySync|99.73
sdk:driver:quit|55.14
sdk:automate:hub-management|2706.92
sdk:driver:pre-initialization|1.58
sdk:driver:get|3.8
sdk:automate:session-status|287.06
sdk:setup|4544.03
sdk:cli:on-bootstrap|13.33
sdk:o11y:sync|105.84
sdk:automate:session-name|246.39
sdk:driver:post-initialization|14.58
sdk:automate:session-annotation|102.82
sdk:cli:o11ySync|98.55
sdk:driver:quit|53.13
sdk:automate:hub-management|2571.04
sdk:driver:pre-initialization|1.96
sdk:driver:get|5.46
sdk:automate:session-status|240.77
sdk:setup|4571.78
sdk:cli:on-bootstrap|17.8
sdk:o11y:sync|103.55
sdk:automate:session-name|238.02
sdk:driver:post-initialization|18.34
sdk:automate:session-annotation|100.86
sdk:cli:o11ySync|98.55
sdk:driver:quit|53.13
sdk:automate:hub-management|2571.04
sdk:driver:pre-initialization|1.96
sdk:driver:get|5.46
sdk:automate:session-status|240.77
sdk:setup|4571.78
sdk:cli:on-bootstrap|17.8
sdk:o11y:sync|103.55
sdk:automate:session-name|238.02
sdk:driver:post-initialization|18.34
sdk:automate:session-annotation|100.86
sdk:driver:quit|56.76
sdk:driver:get|3.69
sdk:cli:on-bootstrap|10.15
sdk:automate:session-name|238.27
sdk:driver:post-initialization|19.58
sdk:cli:o11ySync|96.54
sdk:automate:idle-timeout|0.12
sdk:automate:hub-management|2660.96
sdk:driver:pre-initialization|2.21
sdk:automate:session-status|275.97
sdk:setup|4790.97
sdk:o11y:sync|101.72
sdk:automate:session-annotation|98.95
sdk:driver:quit|56.76
sdk:driver:get|3.69
sdk:cli:on-bootstrap|10.15
sdk:automate:session-name|238.27
sdk:driver:post-initialization|19.58
sdk:cli:o11ySync|96.54
sdk:automate:idle-timeout|0.12
sdk:automate:hub-management|2660.96
sdk:driver:pre-initialization|2.21
sdk:automate:session-status|275.97
sdk:setup|4790.97
sdk:o11y:sync|101.72
sdk:automate:session-annotation|98.95
sdk:driver:quit|50.9
sdk:driver:get|4.99
sdk:cli:on-bootstrap|23.95
sdk:automate:session-name|201.9
sdk:driver:post-initialization|26.09
sdk:cli:o11ySync|92.71
sdk:automate:idle-timeout|0.19
sdk:automate:hub-management|2613.37
sdk:driver:pre-initialization|3.23
sdk:automate:session-status|265.03
sdk:setup|4682.71
sdk:o11y:sync|98.68
sdk:automate:session-annotation|95.5
sdk:driver:quit|50.9
sdk:driver:get|4.99
sdk:cli:on-bootstrap|23.95
sdk:automate:session-name|201.9
sdk:driver:post-initialization|26.09
sdk:cli:o11ySync|92.71
sdk:automate:idle-timeout|0.19
sdk:automate:hub-management|2613.37
sdk:driver:pre-initialization|3.23
sdk:automate:session-status|265.03
sdk:setup|4682.71
sdk:o11y:sync|98.68
sdk:automate:session-annotation|95.5
